<?xml version="1.0" encoding="UTF-8"?>
<root>
  <item name="androidx.wear.utils.ActivityAnimationUtil android.view.animation.Animation getStandardActivityAnimation(android.content.Context, int, boolean) 1">
    <annotation name="androidx.annotation.IntDef">
      <val name="value" val="{androidx.wear.utils.ActivityAnimationUtil.OPEN_ENTER, androidx.wear.utils.ActivityAnimationUtil.OPEN_EXIT, androidx.wear.utils.ActivityAnimationUtil.CLOSE_ENTER, androidx.wear.utils.ActivityAnimationUtil.CLOSE_EXIT}" />
    </annotation>
  </item>
  <item name="androidx.wear.utils.ActivityAnimationUtil.ActivityAnimationType">
    <annotation name="androidx.annotation.IntDef">
      <val name="value" val="{androidx.wear.utils.ActivityAnimationUtil.OPEN_ENTER, androidx.wear.utils.ActivityAnimationUtil.OPEN_EXIT, androidx.wear.utils.ActivityAnimationUtil.CLOSE_ENTER, androidx.wear.utils.ActivityAnimationUtil.CLOSE_EXIT}" />
    </annotation>
  </item>
</root>

