<?xml version="1.0" encoding="UTF-8"?>
<root>
  <item name="androidx.wear.widget.ArcLayout DEFAULT_ANCHOR_TYPE">
    <annotation name="androidx.annotation.IntDef">
      <val name="value" val="{androidx.wear.widget.ArcLayout.ANCHOR_START, androidx.wear.widget.ArcLayout.ANCHOR_CENTER, androidx.wear.widget.ArcLayout.ANCHOR_END}" />
    </annotation>
  </item>
  <item name="androidx.wear.widget.ArcLayout int getAnchorType()">
    <annotation name="androidx.annotation.IntDef">
      <val name="value" val="{androidx.wear.widget.ArcLayout.ANCHOR_START, androidx.wear.widget.ArcLayout.ANCHOR_CENTER, androidx.wear.widget.ArcLayout.ANCHOR_END}" />
    </annotation>
  </item>
  <item name="androidx.wear.widget.ArcLayout mAnchorType">
    <annotation name="androidx.annotation.IntDef">
      <val name="value" val="{androidx.wear.widget.ArcLayout.ANCHOR_START, androidx.wear.widget.ArcLayout.ANCHOR_CENTER, androidx.wear.widget.ArcLayout.ANCHOR_END}" />
    </annotation>
  </item>
  <item name="androidx.wear.widget.ArcLayout void setAnchorType(int) 0">
    <annotation name="androidx.annotation.IntDef">
      <val name="value" val="{androidx.wear.widget.ArcLayout.ANCHOR_START, androidx.wear.widget.ArcLayout.ANCHOR_CENTER, androidx.wear.widget.ArcLayout.ANCHOR_END}" />
    </annotation>
  </item>
  <item name="androidx.wear.widget.ArcLayout.AnchorType">
    <annotation name="androidx.annotation.IntDef">
      <val name="value" val="{androidx.wear.widget.ArcLayout.ANCHOR_START, androidx.wear.widget.ArcLayout.ANCHOR_CENTER, androidx.wear.widget.ArcLayout.ANCHOR_END}" />
    </annotation>
  </item>
  <item name="androidx.wear.widget.ArcLayout.LayoutParams int getVerticalAlignment()">
    <annotation name="androidx.annotation.IntDef">
      <val name="value" val="{androidx.wear.widget.ArcLayout.LayoutParams.VERTICAL_ALIGN_OUTER, androidx.wear.widget.ArcLayout.LayoutParams.VERTICAL_ALIGN_CENTER, androidx.wear.widget.ArcLayout.LayoutParams.VERTICAL_ALIGN_INNER}" />
    </annotation>
  </item>
  <item name="androidx.wear.widget.ArcLayout.LayoutParams mVerticalAlignment">
    <annotation name="androidx.annotation.IntDef">
      <val name="value" val="{androidx.wear.widget.ArcLayout.LayoutParams.VERTICAL_ALIGN_OUTER, androidx.wear.widget.ArcLayout.LayoutParams.VERTICAL_ALIGN_CENTER, androidx.wear.widget.ArcLayout.LayoutParams.VERTICAL_ALIGN_INNER}" />
    </annotation>
  </item>
  <item name="androidx.wear.widget.ArcLayout.LayoutParams void setVerticalAlignment(int) 0">
    <annotation name="androidx.annotation.IntDef">
      <val name="value" val="{androidx.wear.widget.ArcLayout.LayoutParams.VERTICAL_ALIGN_OUTER, androidx.wear.widget.ArcLayout.LayoutParams.VERTICAL_ALIGN_CENTER, androidx.wear.widget.ArcLayout.LayoutParams.VERTICAL_ALIGN_INNER}" />
    </annotation>
  </item>
  <item name="androidx.wear.widget.ArcLayout.LayoutParams.VerticalAlignment">
    <annotation name="androidx.annotation.IntDef">
      <val name="value" val="{androidx.wear.widget.ArcLayout.LayoutParams.VERTICAL_ALIGN_OUTER, androidx.wear.widget.ArcLayout.LayoutParams.VERTICAL_ALIGN_CENTER, androidx.wear.widget.ArcLayout.LayoutParams.VERTICAL_ALIGN_INNER}" />
    </annotation>
  </item>
  <item name="androidx.wear.widget.BoxInsetLayout.LayoutParams LayoutParams(int, int, int, int) 3">
    <annotation name="androidx.annotation.IntDef">
      <val name="value" val="{androidx.wear.widget.BoxInsetLayout.LayoutParams.BOX_NONE, androidx.wear.widget.BoxInsetLayout.LayoutParams.BOX_LEFT, androidx.wear.widget.BoxInsetLayout.LayoutParams.BOX_TOP, androidx.wear.widget.BoxInsetLayout.LayoutParams.BOX_RIGHT, androidx.wear.widget.BoxInsetLayout.LayoutParams.BOX_BOTTOM, androidx.wear.widget.BoxInsetLayout.LayoutParams.BOX_ALL}" />
    </annotation>
  </item>
  <item name="androidx.wear.widget.BoxInsetLayout.LayoutParams boxedEdges">
    <annotation name="androidx.annotation.IntDef">
      <val name="value" val="{androidx.wear.widget.BoxInsetLayout.LayoutParams.BOX_NONE, androidx.wear.widget.BoxInsetLayout.LayoutParams.BOX_LEFT, androidx.wear.widget.BoxInsetLayout.LayoutParams.BOX_TOP, androidx.wear.widget.BoxInsetLayout.LayoutParams.BOX_RIGHT, androidx.wear.widget.BoxInsetLayout.LayoutParams.BOX_BOTTOM, androidx.wear.widget.BoxInsetLayout.LayoutParams.BOX_ALL}" />
    </annotation>
  </item>
  <item name="androidx.wear.widget.BoxInsetLayout.LayoutParams.BoxedEdges">
    <annotation name="androidx.annotation.IntDef">
      <val name="value" val="{androidx.wear.widget.BoxInsetLayout.LayoutParams.BOX_NONE, androidx.wear.widget.BoxInsetLayout.LayoutParams.BOX_LEFT, androidx.wear.widget.BoxInsetLayout.LayoutParams.BOX_TOP, androidx.wear.widget.BoxInsetLayout.LayoutParams.BOX_RIGHT, androidx.wear.widget.BoxInsetLayout.LayoutParams.BOX_BOTTOM, androidx.wear.widget.BoxInsetLayout.LayoutParams.BOX_ALL}" />
    </annotation>
  </item>
  <item name="androidx.wear.widget.ConfirmationOverlay androidx.wear.widget.ConfirmationOverlay setType(int) 0">
    <annotation name="androidx.annotation.IntDef">
      <val name="value" val="{androidx.wear.widget.ConfirmationOverlay.SUCCESS_ANIMATION, androidx.wear.widget.ConfirmationOverlay.FAILURE_ANIMATION, androidx.wear.widget.ConfirmationOverlay.OPEN_ON_PHONE_ANIMATION}" />
    </annotation>
  </item>
  <item name="androidx.wear.widget.ConfirmationOverlay mType">
    <annotation name="androidx.annotation.IntDef">
      <val name="value" val="{androidx.wear.widget.ConfirmationOverlay.SUCCESS_ANIMATION, androidx.wear.widget.ConfirmationOverlay.FAILURE_ANIMATION, androidx.wear.widget.ConfirmationOverlay.OPEN_ON_PHONE_ANIMATION}" />
    </annotation>
  </item>
  <item name="androidx.wear.widget.ConfirmationOverlay.OverlayType">
    <annotation name="androidx.annotation.IntDef">
      <val name="value" val="{androidx.wear.widget.ConfirmationOverlay.SUCCESS_ANIMATION, androidx.wear.widget.ConfirmationOverlay.FAILURE_ANIMATION, androidx.wear.widget.ConfirmationOverlay.OPEN_ON_PHONE_ANIMATION}" />
    </annotation>
  </item>
  <item name="androidx.wear.widget.CurvedTextView int getAnchorType()">
    <annotation name="androidx.annotation.IntDef">
      <val name="value" val="{androidx.wear.widget.ArcLayout.ANCHOR_START, androidx.wear.widget.ArcLayout.ANCHOR_CENTER, androidx.wear.widget.ArcLayout.ANCHOR_END}" />
    </annotation>
  </item>
  <item name="androidx.wear.widget.CurvedTextView mAnchorType">
    <annotation name="androidx.annotation.IntDef">
      <val name="value" val="{androidx.wear.widget.ArcLayout.ANCHOR_START, androidx.wear.widget.ArcLayout.ANCHOR_CENTER, androidx.wear.widget.ArcLayout.ANCHOR_END}" />
    </annotation>
  </item>
  <item name="androidx.wear.widget.CurvedTextView void setAnchorType(int) 0">
    <annotation name="androidx.annotation.IntDef">
      <val name="value" val="{androidx.wear.widget.ArcLayout.ANCHOR_START, androidx.wear.widget.ArcLayout.ANCHOR_CENTER, androidx.wear.widget.ArcLayout.ANCHOR_END}" />
    </annotation>
  </item>
</root>

